,NAV
2016-01-04,100000.0
2016-01-05,100000.0
2016-01-06,100000.0
2016-01-07,100000.0
2016-01-08,100000.0
2016-01-11,100000.0
2016-01-12,100000.0
2016-01-13,100000.0
2016-01-14,100000.0
2016-01-15,100000.0
2016-01-19,100000.0
2016-01-20,100000.0
2016-01-21,100000.0
2016-01-22,100000.0
2016-01-25,100000.0
2016-01-26,100000.0
2016-01-27,100000.0
2016-01-28,100000.0
2016-01-29,100000.0
2016-02-01,100000.0
2016-02-02,100000.0
2016-02-03,100000.0
2016-02-04,100000.0
2016-02-05,100000.0
2016-02-08,100000.0
2016-02-09,100000.0
2016-02-10,100000.0
2016-02-11,100000.0
2016-02-12,100000.0
2016-02-16,100000.0
2016-02-17,100000.0
2016-02-18,100000.0
2016-02-19,100000.0
2016-02-22,100000.0
2016-02-23,100000.0
2016-02-24,100000.0
2016-02-25,100000.0
2016-02-26,100000.0
2016-02-29,100000.0
2016-03-01,100000.0
2016-03-02,100000.0
2016-03-03,100000.0
2016-03-04,100000.0
2016-03-07,100000.0
2016-03-08,100000.0
2016-03-09,100000.0
2016-03-10,100000.0
2016-03-11,100000.0
2016-03-14,100000.0
2016-03-15,100000.0
2016-03-16,100000.0
2016-03-17,100000.0
2016-03-18,100000.0
2016-03-21,100000.0
2016-03-22,100000.0
2016-03-23,100000.0
2016-03-24,100000.0
2016-03-28,100000.0
2016-03-29,100000.0
2016-03-30,100000.0
2016-03-31,100000.0
2016-04-01,100000.0
2016-04-04,100000.0
2016-04-05,100000.0
2016-04-06,100000.0
2016-04-07,100000.0
2016-04-08,100000.0
2016-04-11,100000.0
2016-04-12,100000.0
2016-04-13,100000.0
2016-04-14,100000.0
2016-04-15,100000.0
2016-04-18,100000.0
2016-04-19,100000.0
2016-04-20,100000.0
2016-04-21,100000.0
2016-04-22,100000.0
2016-04-25,100000.0
2016-04-26,100000.0
2016-04-27,100000.0
2016-04-28,100000.0
2016-04-29,100000.0
2016-05-02,100000.0
2016-05-03,100000.0
2016-05-04,100000.0
2016-05-05,100000.0
2016-05-06,100000.0
2016-05-09,100000.0
2016-05-10,100000.0
2016-05-11,100000.0
2016-05-12,100000.0
2016-05-13,100000.0
2016-05-16,100000.0
2016-05-17,100000.0
2016-05-18,100000.0
2016-05-19,100000.0
2016-05-20,100000.0
2016-05-23,100000.0
2016-05-24,100000.0
2016-05-25,100000.0
2016-05-26,100000.0
2016-05-27,100000.0
2016-05-31,100000.0
2016-06-01,100000.0
2016-06-02,100000.0
2016-06-03,100000.0
2016-06-06,100000.0
2016-06-07,100000.0
2016-06-08,100000.0
2016-06-09,100000.0
2016-06-10,100000.0
2016-06-13,100000.0
2016-06-14,100000.0
2016-06-15,100000.0
2016-06-16,100000.0
2016-06-17,100000.0
2016-06-20,100000.0
2016-06-21,100000.0
2016-06-22,100000.0
2016-06-23,100000.0
2016-06-24,100000.0
2016-06-27,100000.0
2016-06-28,100000.0
2016-06-29,100000.0
2016-06-30,100000.0
2016-07-01,100000.0
2016-07-05,100000.0
2016-07-06,100000.0
2016-07-07,100000.0
2016-07-08,100000.0
2016-07-11,100000.0
2016-07-12,100000.0
2016-07-13,100000.0
2016-07-14,100000.0
2016-07-15,100000.0
2016-07-18,100000.0
2016-07-19,100000.0
2016-07-20,100000.0
2016-07-21,100000.0
2016-07-22,100000.0
2016-07-25,100000.0
2016-07-26,100000.0
2016-07-27,100000.0
2016-07-28,100000.0
2016-07-29,100000.0
2016-08-01,100000.0
2016-08-02,100000.0
2016-08-03,100000.0
2016-08-04,100000.0
2016-08-05,100000.0
2016-08-08,100000.0
2016-08-09,100000.0
2016-08-10,100000.0
2016-08-11,100000.0
2016-08-12,100000.0
2016-08-15,100000.0
2016-08-16,100000.0
2016-08-17,100000.0
2016-08-18,100000.0
2016-08-19,100000.0
2016-08-22,100000.0
2016-08-23,100000.0
2016-08-24,100000.0
2016-08-25,100000.0
2016-08-26,100000.0
2016-08-29,100000.0
2016-08-30,100000.0
2016-08-31,100000.0
2016-09-01,100000.0
2016-09-02,100000.0
2016-09-06,100000.0
2016-09-07,100000.0
2016-09-08,100000.0
2016-09-09,100000.0
2016-09-12,100000.0
2016-09-13,100000.0
2016-09-14,100000.0
2016-09-15,100000.0
2016-09-16,100000.0
2016-09-19,100000.0
2016-09-20,100000.0
2016-09-21,100000.0
2016-09-22,100000.0
2016-09-23,100000.0
2016-09-26,100000.0
2016-09-27,100000.0
2016-09-28,100000.0
2016-09-29,100000.0
2016-09-30,100000.0
2016-10-03,100000.0
2016-10-04,100000.0
2016-10-05,100000.0
2016-10-06,100000.0
2016-10-07,100000.0
2016-10-10,100000.0
2016-10-11,100000.0
2016-10-12,100000.0
2016-10-13,100000.0
2016-10-14,100000.0
2016-10-17,100000.0
2016-10-18,100000.0
2016-10-19,100000.0
2016-10-20,100000.0
2016-10-21,100000.0
2016-10-24,100000.0
2016-10-25,100000.0
2016-10-26,100000.0
2016-10-27,100000.0
2016-10-28,100000.0
2016-10-31,100000.0
2016-11-01,100000.0
2016-11-02,100501.14459712314
2016-11-03,100097.5522289558
2016-11-04,99655.96285428898
2016-11-07,101605.34605322356
2016-11-08,103354.44645125777
2016-11-09,106005.79388685284
2016-11-10,105657.69727859239
2016-11-11,106575.94208668152
2016-11-14,106196.41090652422
2016-11-15,106971.77880674024
2016-11-16,106889.72429247704
2016-11-17,107362.10670388439
2016-11-18,107330.90921904826
2016-11-21,109602.75834290683
2016-11-22,111315.96137301468
2016-11-23,113523.10517468015
2016-11-25,113119.44052338503
2016-11-28,112121.38337363293
2016-11-29,111033.51683606747
2016-11-30,110745.35012801405
2016-12-01,108049.26827744629
2016-12-02,108941.67498104567
2016-12-05,110816.3409645335
2016-12-06,113244.41586995855
2016-12-07,113505.71524745272
2016-12-08,113913.70791884014
2016-12-09,115808.26399399045
2016-12-12,114471.50596479143
2016-12-13,114680.34136637594
2016-12-14,114091.20239889727
2016-12-15,115012.28326838833
2016-12-16,113122.23652070013
2016-12-19,113288.87400668176
2016-12-20,115096.73689185537
2016-12-21,114586.42422923597
2016-12-22,112875.3912470064
2016-12-23,113160.46148835708
2016-12-27,113629.52715607117
2016-12-28,112427.1425269123
2016-12-29,112112.30997405185
2016-12-30,110391.51084787099
2017-01-03,112714.68611930095
2017-01-04,115586.34415342956
2017-01-05,115184.16856152902
2017-01-06,116231.39275982871
2017-01-09,116053.7410973387
2017-01-10,117364.03393295292
2017-01-11,118161.66099154972
2017-01-12,116582.2175326958
2017-01-13,117452.93503139011
2017-01-17,116701.16613882582
2017-01-18,117191.95420636353
2017-01-19,117433.34175016431
2017-01-20,118009.92741681199
2017-01-23,118526.970724041
2017-01-24,121688.69754096525
2017-01-25,121187.59007669319
2017-01-26,119854.4709266029
2017-01-27,121358.22571356427
2017-01-30,120509.91265923978
2017-01-31,121012.54192827242
2017-02-01,121771.57709319794
2017-02-02,121377.69715146828
2017-02-03,120315.3966431098
2017-02-06,120731.28711919168
2017-02-07,120189.77169305897
2017-02-08,120145.71748768454
2017-02-09,120346.35012434791
2017-02-10,121459.8543068735
2017-02-13,122453.27601037413
2017-02-14,122460.42858574074
2017-02-15,121675.78902205588
2017-02-16,121579.35032416278
2017-02-17,121569.20801301635
2017-02-21,120385.94026329607
2017-02-22,119584.2327510579
2017-02-23,118363.24487264198
2017-02-24,117937.60560311578
2017-02-27,118624.6719484773
2017-02-28,118275.29035677131
2017-03-01,120558.43521435467
2017-03-02,118893.86915084836
2017-03-03,118970.64804906468
2017-03-06,118315.76412787981
2017-03-07,117979.64730534646
2017-03-08,117704.39847226329
2017-03-09,117697.99533880028
2017-03-10,118130.19883845258
2017-03-13,118728.60269688883
2017-03-14,119069.14489867656
2017-03-15,120318.45029014631
2017-03-16,120559.65552993957
2017-03-17,120444.01705147667
2017-03-20,120326.70138746336
2017-03-21,117645.38183764038
2017-03-22,119022.82874781749
2017-03-23,118528.54277286702
2017-03-24,119411.7847098272
2017-03-27,119171.00997071646
2017-03-28,120832.19833774515
2017-03-29,121473.69745450695
2017-03-30,122539.99550341547
2017-03-31,122569.07272070399
2017-04-03,124431.9999408445
2017-04-04,124612.01910931266
2017-04-05,123851.06216403306
2017-04-06,124085.52323302021
2017-04-07,124054.54325973234
2017-04-10,124218.5325712653
2017-04-11,124211.83408013014
2017-04-12,121728.60153586397
2017-04-13,121585.69749798466
2017-04-17,122869.39720054195
2017-04-18,122404.56297518355
2017-04-19,122756.71580377771
2017-04-20,124263.23829251256
2017-04-21,123751.45202525957
2017-04-24,125258.82143147472
2017-04-25,126642.0685991444
2017-04-26,127613.10067806345
2017-04-27,129114.48597462452
2017-04-28,129719.85043249151
2017-05-01,129752.31808328592
2017-05-02,130905.52341830794
2017-05-03,130703.50422134553
2017-05-04,130540.5852008095
2017-05-05,131639.71382949298
2017-05-08,132209.00200690707
2017-05-09,133113.87890899903
2017-05-10,133204.39690123696
2017-05-11,133450.92726819724
2017-05-12,134763.6285070971
2017-05-15,135433.21716976512
2017-05-16,135510.90624516062
2017-05-17,132237.10344523017
2017-05-18,133443.7956034873
2017-05-19,133971.6757416354
2017-05-22,135610.8804761311
2017-05-23,135655.31404965
2017-05-24,136542.69484665073
2017-05-25,137168.9170272156
2017-05-26,137222.97869767045
2017-05-30,136839.20926203462
2017-05-31,136895.22575635716
2017-06-01,136312.2339706605
2017-06-02,139698.2217527297
2017-06-05,139420.8660703138
2017-06-06,139825.00135637325
2017-06-07,140694.80282423602
2017-06-08,141565.24787765215
2017-06-09,137444.42136975232
2017-06-12,136678.9254237212
2017-06-13,138510.6567382681
2017-06-14,138454.54148945367
2017-06-15,137688.0001512251
2017-06-16,136691.29621686216
2017-06-19,138330.47057181207
2017-06-20,138131.8535550916
2017-06-21,139421.34274366536
2017-06-22,139394.87855444461
2017-06-23,139810.98605550814
2017-06-26,138749.3744650968
2017-06-27,135759.34024615912
2017-06-28,138040.8856438621
2017-06-29,135295.50095993132
2017-06-30,135400.97842901977
2017-07-03,134242.43829734376
2017-07-05,132351.97704300476
2017-07-06,129509.03802248958
2017-07-07,130671.67405443537
2017-07-10,131407.02211506694
2017-07-11,132564.63529265052
2017-07-12,132144.0118030742
2017-07-13,131754.46981871466
2017-07-14,132973.93794897987
2017-07-17,132453.6240930417
2017-07-18,133146.07382756803
2017-07-19,133541.07830478516
2017-07-20,133205.0425836463
2017-07-21,132961.20637388265
2017-07-24,134487.80922843868
2017-07-25,134695.27350291525
2017-07-26,134698.79320374219
2017-07-27,132927.9568965067
2017-07-28,133884.3812885274
2017-07-31,132769.52146204814
2017-08-01,132979.58807146328
2017-08-02,132797.42443033436
2017-08-03,132759.15141647818
2017-08-04,133156.76155380192
2017-08-07,134465.77032205198
2017-08-08,135143.18596368097
2017-08-09,133016.25248472922
2017-08-10,129976.78925606671
2017-08-11,130925.75573157368
2017-08-14,132735.30340160805
2017-08-15,132021.92715371432
2017-08-16,132342.2103624791
2017-08-17,129981.48444826297
2017-08-18,129379.2572633301
2017-08-21,129250.35415303554
2017-08-22,130659.45105400839
2017-08-23,130598.93811563733
2017-08-24,130539.92177031317
2017-08-25,130070.80570020326
2017-08-28,130012.15821468875
2017-08-29,131485.6484332368
2017-08-30,132282.3303684429
2017-08-31,133099.50177594804
2017-09-01,132481.75350734184
2017-09-05,130451.62152307364
2017-09-06,129673.76644125054
2017-09-07,130570.06965857683
2017-09-08,128864.23412272386
2017-09-11,131546.19543182413
2017-09-12,132669.87751950938
2017-09-13,131007.31604367678
2017-09-14,131858.23618212066
2017-09-15,132393.90520145828
2017-09-18,132652.80392421127
2017-09-19,132147.34013293555
2017-09-20,133048.29919732639
2017-09-21,132166.67488863517
2017-09-22,130845.4001435801
2017-09-25,130069.739508826
2017-09-26,128803.65613811938
2017-09-27,129377.78838694925
2017-09-28,129807.29599096812
2017-09-29,130975.64365698611
2017-10-02,131883.18831967885
2017-10-03,132147.03467896397
2017-10-04,132233.3571938813
2017-10-05,133908.75230241963
2017-10-06,133764.3277797541
2017-10-09,133955.7174317162
2017-10-10,133984.49129149105
2017-10-11,135109.92853730038
2017-10-12,135540.87875449492
2017-10-13,135940.16834569265
2017-10-16,136814.33226572617
2017-10-17,135721.97332633383
2017-10-18,135514.25244868177
2017-10-19,135420.6947295013
2017-10-20,136125.56869805834
2017-10-23,135621.16689802817
2017-10-24,136210.74527677125
2017-10-25,134978.186571696
2017-10-26,134398.95370012798
2017-10-27,137314.05647226365
2017-10-30,137929.77557076715
2017-10-31,137999.47020210852
2017-11-01,138367.70727677926
2017-11-02,136809.9680042149
2017-11-03,137871.36542189436
2017-11-06,138903.91260600177
2017-11-07,139294.749645578
2017-11-08,140191.4999115868
2017-11-09,139012.8158082381
2017-11-10,138208.46715257163
2017-11-13,139441.37873757398
2017-11-14,137107.34899791714
2017-11-15,136234.72459186387
2017-11-16,137233.9455334431
2017-11-17,137442.9329696833
2017-11-20,137380.79368032093
2017-11-21,139477.62187806738
2017-11-22,139144.8697598419
2017-11-24,139499.87625715413
2017-11-27,138930.41428595505
2017-11-28,139637.54232387836
2017-11-29,137784.0751973243
2017-11-30,138278.40001173716
2017-12-01,137487.14857705473
2017-12-04,136373.8419816897
2017-12-05,135864.6449400891
2017-12-06,136920.91734453692
2017-12-07,138238.7216379542
2017-12-08,139206.7171857341
2017-12-11,139955.6234697591
2017-12-12,141288.13619162558
2017-12-13,142753.11453204302
2017-12-14,142141.6362206334
2017-12-15,145601.27801100528
2017-12-18,146779.7931699805
2017-12-19,145827.4938737259
2017-12-20,146179.44791183865
2017-12-21,147279.04243173223
2017-12-22,147019.24683984718
2017-12-26,147330.71436025266
2017-12-27,147429.31550104264
2017-12-28,148802.81840070742
2017-12-29,147468.46597060474
2018-01-02,149407.64262856904
2018-01-03,150265.35985464053
2018-01-04,151102.1631032804
2018-01-05,152500.67851976366
2018-01-08,152744.25126137378
2018-01-09,152046.59926140972
2018-01-10,151332.96115078867
2018-01-11,152072.24519412962
2018-01-12,153451.19641751962
2018-01-16,153015.44181146953
2018-01-17,155090.43223338583
2018-01-18,155208.9972673721
2018-01-19,155137.41999629652
2018-01-22,155525.59797879515
2018-01-23,155906.20752469244
2018-01-24,154114.6644302987
2018-01-25,153171.79700493685
2018-01-26,154093.19699768105
2018-01-29,152801.42556109582
2018-01-30,151423.13675279473
2018-01-31,152704.6606095336
2018-02-01,151636.2482492125
2018-02-02,147881.6296052485
2018-02-05,144404.5350261253
2018-02-06,147938.97565192363
2018-02-07,146452.10737416454
2018-02-08,139766.2389007461
2018-02-09,140201.74781883846
2018-02-12,142977.4351585647
2018-02-13,145151.19691612606
2018-02-14,148818.61415559874
2018-02-15,151490.7134496465
2018-02-16,150849.0129528927
2018-02-20,150538.70108494264
2018-02-21,151331.18162993554
2018-02-22,153580.4266520377
2018-02-23,156040.03898373156
2018-02-26,157308.48045290288
2018-02-27,154501.284150371
2018-02-28,152131.49016933283
2018-03-01,149324.43106144015
2018-03-02,149485.34013969943
2018-03-05,150330.45620619025
2018-03-06,151436.14383275728
2018-03-07,150945.58269500296
2018-03-08,151617.413341721
2018-03-09,155114.69290035433
2018-03-12,156225.1158640259
2018-03-13,154104.95437783925
2018-03-14,154232.14279679442
2018-03-15,153867.0698167334
2018-03-16,153153.70233770576
2018-03-19,150156.74406770154
2018-03-20,151593.27039870905
2018-03-21,151598.17673325495
2018-03-22,146687.66063499782
2018-03-23,142621.85870550975
2018-03-26,148449.9073028688
2018-03-27,143021.0965075122
2018-03-28,140576.86832534568
2018-03-29,143888.1654816289
2018-04-02,139997.55133486592
2018-04-03,140953.24560118167
2018-04-04,143393.37783316715
2018-04-05,143431.43143679434
2018-04-06,140543.02789628506
2018-04-09,141199.69433140245
2018-04-10,143912.83924799596
2018-04-11,143203.85014002665
2018-04-12,145184.38116971747
2018-04-13,142747.98794737383
2018-04-16,143375.26055222604
2018-04-17,145613.3129689145
2018-04-18,145394.0999863863
2018-04-19,143491.81242618684
2018-04-20,141813.0807090734
2018-04-23,142219.21404784377
2018-04-24,140593.97667730175
2018-04-25,138666.89700373358
2018-04-26,139458.6818751282
2018-04-27,138860.43401435373
2018-04-30,138954.03630757378
2018-05-01,139997.22049987817
2018-05-02,140944.90329192716
2018-05-03,141908.23605484064
2018-05-04,145327.11757606073
2018-05-07,148105.86256061372
2018-05-08,147523.34698699566
2018-05-09,149870.0829334229
2018-05-10,150685.38340577853
2018-05-11,150129.18411759232
2018-05-14,150010.86257749275
2018-05-15,147356.62974696865
2018-05-16,147977.68600166796
2018-05-17,146667.0326440797
2018-05-18,146390.93193841705
2018-05-21,147708.1519807758
2018-05-22,146838.39908629924
2018-05-23,149525.51251845103
2018-05-24,150210.01391039212
2018-05-25,150294.11542894566
2018-05-29,148720.42568129156
2018-05-30,150845.4229912061
2018-05-31,151807.94916492474
2018-06-01,154690.2468108429
2018-06-04,155852.02313071353
2018-06-05,157181.23113790067
2018-06-06,157987.26674029033
2018-06-07,156348.84496170736
2018-06-08,156800.0418231431
2018-06-11,156881.21708375448
2018-06-12,158490.28130152434
2018-06-13,157676.02177535073
2018-06-14,158923.92431111838
2018-06-15,158466.41111463687
2018-06-18,158733.28433900102
2018-06-19,157390.58984460088
2018-06-20,158744.54048191212
2018-06-21,156301.09356488407
2018-06-22,155903.55481502137
2018-06-25,152905.88725508255
2018-06-26,153472.94818444015
2018-06-27,152153.88938664593
2018-06-28,151994.83109491874
2018-06-29,152247.2161204746
2018-07-02,154710.13513390254
2018-07-03,150569.76354915567
2018-07-05,151427.11635180243
2018-07-06,153532.48373968553
2018-07-09,156376.51467825903
2018-07-10,156782.84872508852
2018-07-11,154991.62348468154
2018-07-12,156760.6420049041
2018-07-13,156734.18464664457
2018-07-16,155422.78604295375
2018-07-17,157461.3329445871
2018-07-18,157588.77234404563
2018-07-19,154924.53589143496
2018-07-20,154723.49560786947
2018-07-23,154822.79134581276
2018-07-24,156084.4933076934
2018-07-25,158629.54547252198
2018-07-26,158364.27060823486
2018-07-27,155434.1937367279
2018-07-30,153375.9636865777
2018-07-31,154988.03868619032
2018-08-01,156061.00303815416
2018-08-02,156010.34235741326
2018-08-03,155692.77291866677
2018-08-06,155387.05508440553
2018-08-07,156554.04666403172
2018-08-08,156678.26157330585
2018-08-09,156752.7880481276
2018-08-10,155925.29839278705
2018-08-13,155838.33473356714
2018-08-14,157311.03974727157
2018-08-15,155667.04375600675
2018-08-16,156846.55029447062
2018-08-17,157109.68691244774
2018-08-20,156941.1027694309
2018-08-21,156424.09762957835
2018-08-22,156987.41107051139
2018-08-23,157200.29368865877
2018-08-24,158756.75817084638
2018-08-27,160042.18403696505
2018-08-28,159912.14752281478
2018-08-29,161885.75576596413
2018-08-30,161742.235648876
2018-08-31,161690.46363299486
2018-09-04,161361.6094518773
2018-09-05,157950.20318035572
2018-09-06,157125.77660555585
2018-09-07,156318.1365791738
2018-09-10,156993.50163974264
2018-09-11,159327.2583781794
2018-09-12,158443.422247816
2018-09-13,160009.4126823971
2018-09-14,160064.49298551594
2018-09-17,157970.84953476497
2018-09-18,159226.4061863547
2018-09-19,158613.71812359494
2018-09-20,161112.2965219266
2018-09-21,160316.57870123303
2018-09-24,161106.8571460418
2018-09-25,161901.04465791283
2018-09-26,161573.47041609674
2018-09-27,162767.81782058615
2018-09-28,162720.34809674183
2018-10-01,163710.81786760635
2018-10-02,163008.49743502052
2018-10-03,163359.35147760148
2018-10-04,160505.15523104212
2018-10-05,159407.93262914926
2018-10-08,158991.7868611055
2018-10-09,160503.76100609193
2018-10-10,153536.09620891354
2018-10-11,152176.672985545
2018-10-12,155449.5417872724
2018-10-15,153321.48145325092
2018-10-16,157858.12944938362
2018-10-17,157088.57491736143
2018-10-18,154538.2163392523
2018-10-19,155032.08203853722
2018-10-22,156609.96977697522
2018-10-23,155651.73505045666
2018-10-24,149973.4925809788
2018-10-25,155414.51239002257
2018-10-26,154004.87404993214
2018-10-29,150637.13186943845
2018-10-30,151413.73945320747
2018-10-31,155129.55174343125
2018-11-01,153927.09481571522
2018-11-02,150385.8306484536
2018-11-05,149766.96193349728
2018-11-06,150529.9790682838
2018-11-07,154917.80327227782
2018-11-08,154432.46316819507
2018-11-09,152340.37345373604
2018-11-12,148848.19682420214
2018-11-13,148484.61846056313
2018-11-14,146036.31536861844
2018-11-15,148498.31954484482
2018-11-16,149679.62912706702
2018-11-19,145100.57303176902
2018-11-20,141200.45093278144
2018-11-21,142473.66615098008
2018-11-23,142110.0996952041
2018-11-26,145047.42782259875
2018-11-27,145219.3228232342
2018-11-28,149853.1555871347
2018-11-29,148586.53163183108
2018-11-30,149664.2433353658
2018-12-03,151284.23029652573
2018-12-04,147376.2016050212
2018-12-06,147545.66170458976
2018-12-07,144117.12912367686
2018-12-10,148061.15072142432
2018-12-11,149867.61762524385
2018-12-12,151224.33317202906
2018-12-13,152764.68281428036
2018-12-14,148922.0695936535
2018-12-17,145104.68346626076
2018-12-18,144699.24405317783
2018-12-19,143425.94169309494
2018-12-20,140113.67530022797
2018-12-21,138488.97184140584
2018-12-24,132066.12395502764
2018-12-26,141115.65340424818
2018-12-27,141067.28482324473
2018-12-28,142334.81493042136
2018-12-31,143186.14392405463
2019-01-02,140852.94940126315
2019-01-03,128039.53370990886
2019-01-04,129297.95062287954
2019-01-07,131931.28255311586
2019-01-08,130872.39799800553
2019-01-09,136532.63860478086
2019-01-10,138328.79994439127
2019-01-11,138910.88205884007
2019-01-14,139077.20582036208
2019-01-15,142192.81539795833
2019-01-16,139537.34014925663
2019-01-17,141549.7274839335
2019-01-18,144593.2659840808
2019-01-22,143190.70691621222
2019-01-23,142763.87052269295
2019-01-24,146106.7075596307
2019-01-25,148540.468843848
2019-01-28,148363.0798044531
2019-01-29,147642.4073181222
2019-01-30,150137.08506287853
2019-01-31,148712.3316256663
2019-02-01,147914.01075343144
2019-02-04,150857.80860008774
2019-02-05,149682.528042439
2019-02-06,153125.19507190472
2019-02-07,149178.03050029624
2019-02-08,151933.2719279281
2019-02-11,152853.5788738759
2019-02-12,154888.13505245728
2019-02-13,155958.07212272094
2019-02-14,156057.86382709024
2019-02-15,156296.2203779025
2019-02-19,156146.5774908671
2019-02-20,157122.3001652164
2019-02-21,155747.44896154857
2019-02-22,153285.95428769136
2019-02-25,154450.16956746727
2019-02-26,152454.38653095954
2019-02-27,150508.50572799626
2019-02-28,152653.9954651373
2019-03-01,151207.04765858137
2019-03-04,152393.4317822618
2019-03-05,153568.68681447138
2019-03-06,150430.94668112937
2019-03-07,147193.33826710054
2019-03-08,146461.51116385974
2019-03-11,149161.38791396836
2019-03-12,149477.39285068456
2019-03-13,150353.29829522542
2019-03-14,148684.6237614655
2019-03-15,160930.86160222325
2019-03-18,162898.92401181062
2019-03-19,165931.34618320668
2019-03-20,162782.3493311981
2019-03-21,166009.68375596777
2019-03-22,163688.4386075376
2019-03-25,163414.32091647177
2019-03-26,166138.33196929973
2019-03-27,165545.42706865
2019-03-28,167279.3446248854
2019-03-29,168196.66509445227
2019-04-01,171038.06764194564
2019-04-02,170785.87835045095
2019-04-03,170653.13770013239
2019-04-04,171289.77264987593
2019-04-05,171689.5551855113
2019-04-08,172626.8956980689
2019-04-09,171419.16621188202
2019-04-10,171733.7179760674
2019-04-11,172683.86236744048
2019-04-12,173721.00316452445
2019-04-15,173530.01800501652
2019-04-16,173943.1633991332
2019-04-17,175474.79138500185
2019-04-18,176118.12066778136
2019-04-22,177108.85195275917
2019-04-23,181218.3695566602
2019-04-24,180758.31494061387
2019-04-25,181519.26603827486
2019-04-26,182046.87081623732
2019-04-29,182558.0606351135
2019-04-30,178054.62140147865
2019-05-01,179052.59839017206
2019-05-02,178060.97540254847
2019-05-03,179791.5240992514
2019-05-06,179132.91526440036
2019-05-07,176050.30958170447
2019-05-08,175377.97898838518
2019-05-09,175004.20802343686
2019-05-10,175956.6445651707
2019-05-13,171032.45233132647
2019-05-14,173218.9788067799
2019-05-15,176281.23629277776
2019-05-16,177637.04044855983
2019-05-17,175797.17767250407
2019-05-20,172449.00681677868
2019-05-21,173577.26415536462
2019-05-22,173454.15229976526
2019-05-23,169688.1503138867
2019-05-24,169749.99524808023
2019-05-28,169844.46328319187
2019-05-29,168223.56755544426
2019-05-30,169057.69110000064
2019-05-31,166921.77537725947
2019-06-03,163002.82976395474
2019-06-04,167126.5978417429
2019-06-05,171792.70623388325
2019-06-06,173855.0723616238
2019-06-07,175328.94343944636
2019-06-10,175702.27063414035
2019-06-11,174125.3748179505
2019-06-12,173925.55603334293
2019-06-13,175067.02605102368
2019-06-14,174817.80158801007
2019-06-17,175494.94116080707
2019-06-18,176952.49542514802
2019-06-19,176893.49942147665
2019-06-20,179485.7427623299
2019-06-21,178294.77254160194
2019-06-24,178752.06285627448
2019-06-25,173767.21391536537
2019-06-26,174329.7345231655
2019-06-27,175737.66883979444
2019-06-28,178391.97364340242
2019-07-01,180169.5964707096
2019-07-02,181067.92300546492
2019-07-03,182648.0144198136
2019-07-05,182613.40946614207
2019-07-08,181325.76853750407
2019-07-09,182368.13988304368
2019-07-10,184118.26912208713
2019-07-11,182053.86143548862
2019-07-12,184118.81460213594
2019-07-15,183610.00192714686
2019-07-16,182091.38681871616
2019-07-17,179498.90090525206
2019-07-18,180508.22885901213
2019-07-19,178620.61875210836
2019-07-22,180474.45187061996
2019-07-23,182992.26633755869
2019-07-24,184428.51337933593
2019-07-25,184354.56330724023
2019-07-26,185685.16911988417
2019-07-29,185777.0935305661
2019-07-30,185552.70277708943
2019-07-31,185803.34769011475
2019-08-01,185110.4716800943
2019-08-02,183132.940769575
2019-08-05,176783.9154591088
2019-08-06,181247.38977458555
2019-08-07,182700.51855095976
2019-08-08,180206.94902584475
2019-08-09,177000.15815038088
2019-08-12,174158.46104145635
2019-08-13,176457.46304300375
2019-08-14,170975.02109597373
2019-08-15,171045.25017548806
2019-08-16,174501.3822488891
2019-08-19,176903.8447502298
2019-08-20,175767.25768925814
2019-08-21,177297.2284450866
2019-08-22,176848.1346944641
2019-08-23,171503.37303111498
2019-08-26,172837.7490581546
2019-08-27,171782.24689308472
2019-08-28,172449.52414032578
2019-08-29,175385.8282574084
2019-08-30,175328.23437984788
2019-09-03,172757.98954509493
2019-09-04,174802.31279633482
2019-09-05,177011.38655195053
2019-09-06,176539.03998063077
2019-09-09,175858.574474331
2019-09-10,175481.48899987154
2019-09-11,177307.20512502574
2019-09-12,178664.95573726122
2019-09-13,177235.39357927366
2019-09-16,177882.55791424366
2019-09-17,178470.31407257714
2019-09-18,179648.73950446496
2019-09-19,179349.04731306524
2019-09-20,177000.22446716914
2019-09-23,176891.58088767677
2019-09-24,176216.21403770093
2019-09-25,178566.7387444891
2019-09-26,178642.55897050607
2019-09-27,176782.93472660004
2019-09-30,178597.55167552456
2019-10-01,176851.06683587082
2019-10-02,173955.29561889128
2019-10-03,175279.021136579
2019-10-04,178240.67958661926
2019-10-07,177753.06883807047
2019-10-08,175513.10184313747
2019-10-09,177413.76595554946
2019-10-10,178262.90981321526
2019-10-11,179395.0558941828
2019-10-14,179348.46058607593
2019-10-15,180530.61532058066
2019-10-16,179863.2463682472
2019-10-17,179716.4342145845
2019-10-18,178441.3907096831
2019-10-21,179588.34792499445
2019-10-22,178054.38184249506
2019-10-23,178872.88616621928
2019-10-24,180401.35303703934
2019-10-25,180895.0277018073
2019-10-28,183892.59883439948
2019-10-29,183397.7630702077
2019-10-30,184854.33075190385
2019-10-31,185091.24495308415
2019-11-01,186846.65668776922
2019-11-04,187949.75460194156
2019-11-05,188723.30911381898
2019-11-06,189106.66728702237
2019-11-07,189458.7809694767
2019-11-08,190610.90309387117
2019-11-11,190158.98266041419
2019-11-12,191210.14313189778
2019-11-13,191092.78188148676
2019-11-14,191509.0531990064
2019-11-15,193617.9613105273
2019-11-18,192846.35397075972
2019-11-19,193521.87442866882
2019-11-20,192341.15784255503
2019-11-21,192497.91996834794
2019-11-22,192038.9064087613
2019-11-25,193891.82608549343
2019-11-26,194473.67119325674
2019-11-27,195146.52521050785
2019-11-29,193897.03339418728
2019-12-02,191296.55228347305
2019-12-03,188303.9152452292
2019-12-04,190010.6445736292
2019-12-05,191411.8012470641
2019-12-06,194778.0532984984
2019-12-09,196078.89061511794
2019-12-10,198046.09732914067
2019-12-11,201296.6884378157
2019-12-12,204043.56580687722
2019-12-13,202225.9967131202
2019-12-16,207161.36248638766
2019-12-17,206900.0130821927
2019-12-18,208844.01387652368
2019-12-19,209914.44928155778
2019-12-20,208657.57133601198
2019-12-23,211385.09077127374
2019-12-24,212516.59264169636
2019-12-26,214796.3187899468
2019-12-27,213839.98269618928
2019-12-30,211415.06933677194
2019-12-31,212811.9084310615
2020-01-02,217057.41654177994
2020-01-03,213997.58057233383
2020-01-06,214918.63853470213
2020-01-07,216102.84467017994
2020-01-08,216699.62882332472
2020-01-09,216186.722184114
2020-01-10,215134.31196130574
2020-01-13,219620.9949856259
2020-01-14,219463.70616127687
2020-01-15,218482.75965766286
2020-01-16,219708.9635741836
2020-01-17,221455.10282919792
2020-01-21,219651.69939274038
2020-01-22,220913.40168653554
2020-01-23,221234.44418601575
2020-01-24,220869.04423112527
2020-01-27,213427.06917530223
2020-01-28,217306.54925650475
2020-01-29,217662.42663447675
2020-01-30,217293.07057918824
2020-01-31,212682.62664054183
2020-02-03,216448.94477004322
2020-02-04,221915.59415552183
2020-02-05,224566.65289113566
2020-02-06,226850.26943955562
2020-02-07,223904.37410575978
2020-02-10,226530.92195573903
2020-02-11,228234.9527546442
2020-02-12,231118.30962230338
2020-02-13,231295.62017721043
2020-02-14,229289.78686222422
2020-02-18,227443.57306310596
2020-02-19,231543.5881114535
2020-02-20,238898.98452509328
2020-02-21,237090.96176197403
2020-02-24,223362.98641700973
2020-02-25,216073.48164777283
2020-02-26,215632.43831536575
2020-02-27,203582.8212200667
2020-02-28,206019.35781525774
2020-03-02,213521.75460464403
2020-03-03,207923.45751538928
2020-03-04,213368.42931476206
2020-03-05,205307.78328695448
2020-03-06,199978.0478938428
2020-03-09,182294.00067144577
2020-03-10,191343.55051482533
2020-03-11,181816.57766620544
2020-03-12,161966.7431166738
2020-03-13,173408.9662274386
2020-03-16,145682.54692984943
2020-03-17,149262.0348107373
2020-03-18,138723.68761789944
2020-03-19,144764.5559426056
2020-03-20,141619.307345914
2020-03-23,144051.982058962
2020-03-24,161231.84399686405
2020-03-25,164017.56895778238
2020-03-26,169691.3625599622
2020-03-27,161888.31598829734
2020-03-30,164102.85800132732
2020-03-31,164606.2306507192
2020-04-01,153562.8522842099
2020-04-02,152281.0797454309
2020-04-03,153515.66074052785
2020-04-06,160093.4672696613
2020-04-07,161961.05205983832
2020-04-08,163098.98272168078
2020-04-09,164761.6865596082
2020-04-13,172407.0172925281
2020-04-14,180247.6495813451
2020-04-15,181647.77537883277
2020-04-16,185582.7217452016
2020-04-17,185944.24677263052
2020-04-20,184975.91014875972
2020-04-21,178146.1120939385
2020-04-22,183133.7916672895
2020-04-23,181476.02765751205
2020-04-24,183691.97686540062
2020-04-27,188058.8690506132
2020-04-28,184014.20071448004
2020-04-29,188861.1524538782
2020-04-30,189728.02931748875
2020-05-01,179894.478070313
2020-05-04,180335.62720095637
2020-05-05,182743.22893229965
2020-05-06,181999.32581432615
2020-05-07,186935.31415230807
2020-05-08,191553.59392204776
2020-05-11,194072.23306050897
2020-05-12,186454.1050956675
2020-05-13,183032.95876648018
2020-05-14,183194.2670620296
2020-05-15,185500.5755357386
2020-05-18,188487.78634932643
2020-05-19,188777.20188639118
2020-05-20,190940.0586494899
2020-05-21,191110.23370043177
2020-05-22,193522.4584303056
2020-05-26,195910.3830937827
2020-05-27,198853.72244037816
2020-05-28,197192.32040822494
2020-05-29,197521.0339389847
2020-06-01,197798.9500229029
2020-06-02,198478.05929822425
2020-06-03,202627.60934719656
2020-06-04,200509.25699668264
2020-06-05,201590.4031929908
2020-06-08,207885.13211862062
2020-06-09,206877.26990364477
2020-06-10,210717.56336520202
2020-06-11,200192.33554011333
2020-06-12,199155.23809126014
2020-06-15,204119.19990198273
2020-06-16,205554.10521898896
2020-06-17,207409.24894914118
2020-06-18,208846.48291251587
2020-06-19,208653.92490314052
2020-06-22,208925.8064176144
2020-06-23,211713.18863001012
2020-06-24,204021.4807042871
2020-06-25,206028.43846240075
2020-06-26,199578.30086157116
2020-06-29,204389.06951704127
2020-06-30,209819.19468057837
2020-07-01,213586.9950791489
2020-07-02,214977.7947035505
2020-07-06,223438.20697379427
2020-07-07,223363.11111331847
2020-07-08,226839.86539312918
2020-07-09,227198.71544272278
2020-07-10,227348.53496743
2020-07-13,222448.21324041352
2020-07-14,225154.4355884458
2020-07-15,226469.93544860755
2020-07-16,227968.81675653937
2020-07-17,230629.65596907074
2020-07-20,234634.9542988247
2020-07-21,231992.36793486087
2020-07-22,235476.04648311148
2020-07-23,228927.26493424652
2020-07-24,227538.2040790724
2020-07-27,232711.60142129607
2020-07-28,227731.5878071637
2020-07-29,231006.2567632511
2020-07-30,233875.1934545264
2020-07-31,236138.80169110541
2020-08-03,238038.10968664754
2020-08-04,237263.98479311552
2020-08-05,241663.5106776485
2020-08-06,246227.37788370205
2020-08-07,243191.7832125445
2020-08-10,243863.77601368513
2020-08-11,240311.20305774582
2020-08-12,244006.67988324366
2020-08-13,243094.09477926296
2020-08-14,242367.81855479043
2020-08-17,244585.92398915673
2020-08-18,246649.30951018585
2020-08-19,247223.89672887878
2020-08-20,247611.75581595814
2020-08-21,245876.94930052312
2020-08-24,248529.72151118622
2020-08-25,249445.5771954967
2020-08-26,253657.8435379807
2020-08-27,254029.79957149058
2020-08-28,258027.7170089934
2020-08-31,256681.70307159438
2020-09-01,261699.1732748734
2020-09-02,265504.68111940793
2020-09-03,254688.13149354045
2020-09-04,250882.3455547507
2020-09-08,242757.45074025285
2020-09-09,248138.67993851542
2020-09-10,243830.23643286756
2020-09-11,244394.3663278069
2020-09-14,249002.20570755348
2020-09-15,252007.03932793968
2020-09-16,251120.0489021676
2020-09-17,249944.44909192022
2020-09-18,248023.73043429616
2020-09-21,244183.30517263495
2020-09-22,249031.55730273167
2020-09-23,243394.38562907962
2020-09-24,243274.23477728135
2020-09-25,248030.8662333045
2020-09-28,251357.62848808814
2020-09-29,250142.47212289917
2020-09-30,249642.91028830642
2020-10-01,252145.87373509043
2020-10-02,250684.7922767714
2020-10-05,255553.85201029704
2020-10-06,251661.4936022457
2020-10-07,256791.89641962858
2020-10-08,259988.43240701006
2020-10-09,262747.1937913047
2020-10-12,264665.35191829
2020-10-13,265467.6863511246
2020-10-14,265612.8817724264
2020-10-15,265678.40222167654
2020-10-16,266039.9374511825
2020-10-19,264234.6233325691
2020-10-20,265507.1556093759
2020-10-21,265562.9216810799
2020-10-22,269151.5623630159
2020-10-23,271027.4853657126
2020-10-26,263953.2807142387
2020-10-27,264141.35590723663
2020-10-28,253973.32344824163
2020-10-29,259452.15484498534
2020-10-30,260280.81194176304
2020-11-02,264924.4314346171
2020-11-03,269649.2230040671
2020-11-04,278802.3695591874
2020-11-05,288262.52212484746
2020-11-06,298155.7490025848
2020-11-09,289763.735555713
2020-11-10,285065.0750639261
2020-11-11,293135.09580851806
2020-11-12,291140.0285305389
2020-11-13,294199.75070391054
2020-11-16,298913.33743612166
2020-11-17,297264.62625274825
2020-11-18,293241.7221732601
2020-11-19,300181.53608328605
2020-11-20,300489.45116769715
2020-11-23,303098.2479178866
2020-11-24,305069.9961770144
2020-11-25,307022.7336169911
2020-11-27,309243.58411328413
2020-11-30,309673.2194797717
2020-12-01,314185.6913767901
2020-12-02,315297.9012740458
2020-12-03,313656.5575135763
2020-12-04,314805.877921778
2020-12-07,318396.65698751743
2020-12-08,319392.13591421547
2020-12-09,316885.39854811074
2020-12-10,318623.2313117836
2020-12-11,320940.8070250764
2020-12-14,325679.919387755
2020-12-15,330142.522758783
2020-12-16,331174.1778214737
2020-12-17,334351.99654262775
2020-12-18,331485.63290466444
2020-12-21,331761.33398058236
2020-12-22,335458.7876352649
2020-12-23,334236.99110402405
2020-12-24,335629.37410921865
2020-12-28,337645.72727300134
2020-12-29,334631.4606608157
2020-12-30,334850.1548210175
2020-12-31,334332.2966485214
2021-01-04,330822.9755971811
2021-01-05,332362.71229653247
2021-01-06,328604.8571584217
2021-01-07,338818.31808127137
2021-01-08,341024.64509430685
2021-01-11,336054.2828601342
2021-01-12,335303.6486645612
2021-01-13,336402.1322729073
2021-01-14,334624.7485797572
2021-01-15,331758.4717677215
2021-01-19,338104.22870144097
2021-01-20,348060.8968872025
2021-01-21,349900.279273596
2021-01-22,352547.4528274576
2021-01-25,353794.57608927967
2021-01-26,355020.36797694076
2021-01-27,345477.8229150042
2021-01-28,347870.09735157515
2021-01-29,338160.46039954934
2021-02-01,348307.1855543387
2021-02-02,352749.502439236
2021-02-03,357011.50638067897
2021-02-04,362720.92756576696
2021-02-05,369849.4080352404
2021-02-08,372951.8222220447
2021-02-09,374444.85642388475
2021-02-10,372265.0874805101
2021-02-11,374511.1600354805
2021-02-12,376268.98565035616
2021-02-16,378854.883971852
2021-02-17,379514.4101767853
2021-02-18,378935.3994130593
2021-02-19,385493.8914073945
2021-02-22,384588.45887562947
2021-02-23,384986.67582004925
2021-02-24,390300.88091579964
2021-02-25,378814.82842940796
2021-02-26,377059.3159735162
2021-03-01,386211.26464986923
2021-03-02,384431.05471895577
2021-03-03,379257.41185896035
2021-03-04,370341.51814070187
2021-03-05,383083.903639524
2021-03-08,371551.141219979
2021-03-09,376628.5636646196
2021-03-10,378000.9590759757
2021-03-11,392237.18285198737
2021-03-12,388215.75177477545
2021-03-15,390179.3753697756
2021-03-16,386956.3980669115
2021-03-17,389816.54212570854
2021-03-18,380549.7169551598
2021-03-19,381279.43450753705
2021-03-22,383962.34262121766
2021-03-23,375516.5219810476
2021-03-24,373190.27102063503
2021-03-25,374896.45256361994
2021-03-26,387432.4710645908
2021-03-29,381862.67070669524
2021-03-30,378579.9073116896
2021-03-31,381507.3468575855
2021-04-01,391059.997441283
2021-04-05,403312.0807823267
2021-04-06,400807.7773547155
2021-04-07,399092.0060129397
2021-04-08,402651.763179467
2021-04-09,403802.557866732
2021-04-12,401874.6370084779
2021-04-13,402624.08859924506
2021-04-14,408245.97675728874
2021-04-15,415695.7997678934
2021-04-16,417573.45707950986
2021-04-19,412849.3201891882
2021-04-20,407057.6714787639
2021-04-21,408971.50770136924
2021-04-22,402582.01366727677
2021-04-23,412475.0691171112
2021-04-26,419676.3828299492
2021-04-27,416626.8602980912
2021-04-28,416207.7575946322
2021-04-29,417111.25607856334
2021-04-30,410241.1493026941
2021-05-03,413741.39091251534
2021-05-04,410863.67533101817
2021-05-05,410977.2430058388
2021-05-06,415401.0333944112
2021-05-07,417886.429265539
2021-05-10,411957.30350473727
2021-05-11,409615.1552304127
2021-05-12,400078.90649207484
2021-05-13,407285.2151924155
2021-05-14,412793.0699651939
2021-05-17,410723.9543351809
2021-05-18,407400.5982866624
2021-05-19,408461.5032933793
2021-05-20,415304.2517948729
2021-05-21,414220.47778639843
2021-05-24,421489.5182105477
2021-05-25,420676.9423145111
2021-05-26,421367.23433751706
2021-05-27,422849.6738984249
2021-05-28,422828.5029379309
2021-06-01,422726.8512669908
2021-06-02,423688.0241841061
2021-06-03,420958.5475227906
2021-06-04,429211.7748056202
2021-06-07,428278.4798353386
2021-06-08,427437.84787036496
2021-06-09,427535.1459996857
2021-06-10,430223.4562813875
2021-06-11,432085.79023929156
2021-06-14,435853.2292227287
2021-06-15,433500.9211165294
2021-06-16,429706.9127631675
2021-06-17,432924.7699197615
2021-06-18,429057.001164191
2021-06-21,433259.5259978716
2021-06-22,434698.3910419504
2021-06-23,433241.2084551763
2021-06-24,435473.81098783383
2021-06-25,434446.87472378334
2021-06-28,436452.8917816323
2021-06-29,437258.6475095049
2021-06-30,437306.3605812732
2021-07-01,437633.3473878591
2021-07-02,440629.54160184745
2021-07-06,441569.6914993613
2021-07-07,443495.3326971305
2021-07-08,440092.7164340961
2021-07-09,444070.51117023686
2021-07-12,444718.11276565195
2021-07-13,445999.54588394304
2021-07-14,448207.8568490401
2021-07-15,448192.0935264613
2021-07-16,445652.0928724945
2021-07-19,437870.1038432648
2021-07-20,444321.35604798654
2021-07-21,447823.43104083696
2021-07-22,445798.65683082654
2021-07-23,452841.1816828968
2021-07-26,451406.5778728635
2021-07-27,449919.2485185077
2021-07-28,452222.62341724953
2021-07-29,454586.963972187
2021-07-30,457054.7310322698
2021-08-02,454938.68092205725
2021-08-03,456080.92285013746
2021-08-04,453182.509459369
2021-08-05,456065.1749901829
2021-08-06,455973.50176016905
2021-08-09,455753.9027415765
2021-08-10,454412.9122513923
2021-08-11,453458.01210983377
2021-08-12,454884.65770135337
2021-08-13,456164.50442419125
2021-08-16,459934.6197185938
2021-08-17,457686.99620186724
2021-08-18,451545.99846808275
2021-08-19,452984.55161790573
2021-08-20,458096.61159100186
2021-08-23,462207.94482293754
2021-08-24,462957.485871579
2021-08-25,461948.4429453593
2021-08-26,460060.6027977695
2021-08-27,463763.34181743406
2021-08-30,467601.7403568366
2021-08-31,465689.23268120264
2021-09-01,466095.5425048804
2021-09-02,466103.1177108605
2021-09-03,467669.7267775736
2021-09-07,469298.454710403
2021-09-08,471983.3086866633
2021-09-09,469805.2787501308
2021-09-10,464112.65966283635
2021-09-13,465185.2836228067
2021-09-14,465858.36731578415
2021-09-15,469540.5847916886
2021-09-16,469289.72078757023
2021-09-17,463645.8096324693
2021-09-20,454078.91915213346
2021-09-21,456144.5486558621
2021-09-22,461776.7260074822
2021-09-23,467456.05641532
2021-09-24,467598.31108692253
2021-09-27,462702.92645635584
2021-09-28,451238.7633459916
2021-09-29,453220.3518181989
2021-09-30,450392.6630225396
2021-10-01,459616.79475116305
2021-10-04,449586.2608136906
2021-10-05,454210.4277970068
2021-10-06,457444.15088922594
2021-10-07,463475.7903581578
2021-10-08,461644.2310489201
2021-10-11,458046.8559717287
2021-10-12,458666.15427180193
2021-10-13,463922.79177378654
2021-10-14,475179.99735787977
2021-10-15,476644.38074787456
2021-10-18,481482.5765447631
2021-10-19,485081.5462974385
2021-10-20,483493.92689751287
2021-10-21,488033.49701645866
2021-10-22,488963.8145228248
2021-10-25,489417.934613219
2021-10-26,494196.858353895
2021-10-27,481962.84287144546
2021-10-28,482991.3039341743
2021-10-29,482091.5931416161
2021-11-01,481415.55206255795
2021-11-02,489931.6829073909
2021-11-03,492600.68800747197
2021-11-04,494715.6388691913
2021-11-05,499321.6420691003
2021-11-08,503978.345663143
2021-11-09,503144.06779373327
2021-11-10,492123.46336814907
2021-11-11,504263.95996929903
2021-11-12,509072.1887200578
2021-11-15,508487.23086587345
2021-11-16,506315.8922839835
2021-11-17,504963.22193964815
2021-11-18,510261.0881252561
2021-11-19,510049.62299482006
2021-11-22,502245.95783296064
2021-11-23,504533.0425425725
2021-11-24,505611.845645948
2021-11-26,489921.11544376775
2021-11-29,502177.93044655514
2021-11-30,497032.04881134117
2021-12-01,493523.05767884676
2021-12-02,509757.95529963396
2021-12-03,498013.4851467051
2021-12-06,501614.0907500685
2021-12-07,522420.26439211454
2021-12-08,528868.77212362
2021-12-09,517794.63557931205
2021-12-10,534368.2179682968
2021-12-13,519335.16727479245
2021-12-14,514633.7832519325
2021-12-15,527621.5401164277
2021-12-16,503583.17351439263
2021-12-17,507924.35085768206
2021-12-20,506559.73212101206
2021-12-21,522749.9771618805
2021-12-22,534531.6360748466
2021-12-23,539748.2717406778
2021-12-27,550684.0743826041
2021-12-28,544620.1845578199
2021-12-29,547119.7173584194
2021-12-30,542274.7342382984
2021-12-31,540283.5092165988
2022-01-03,552221.2474358428
2022-01-04,546529.2421620777
2022-01-05,527877.8001777751
2022-01-06,519067.46152879496
2022-01-07,515948.7362218751
2022-01-10,518577.0556661398
2022-01-11,524910.4558979135
2022-01-12,535680.8218903814
2022-01-13,516503.9636722269
2022-01-14,519402.12798426184
2022-01-18,510570.54591850494
2022-01-19,502224.7821248834
2022-01-20,495301.16570259247
2022-01-21,479037.7528843651
2022-01-24,476217.2361997862
2022-01-25,469517.5960768529
2022-01-26,474693.11747922306
2022-01-27,459002.51413091685
2022-01-28,470241.0809122645
2022-01-31,490029.02999050927
2022-02-01,494886.5283089305
2022-02-02,496186.5996513754
2022-02-03,486413.0131730282
2022-02-04,491038.5245186797
2022-02-07,490899.8284769137
2022-02-08,501919.2126391206
2022-02-09,513119.1644679074
2022-02-10,503249.22027980204
2022-02-11,494006.318800392
2022-02-14,493090.334701266
2022-02-15,505772.46173919894
2022-02-16,507389.5524223617
2022-02-17,495700.90847157675
2022-02-18,492302.73461696686
2022-02-22,485388.19624917116
2022-02-23,476895.7401709471
2022-02-24,489320.2368996353
2022-02-25,503333.78729417705
2022-02-28,516772.9619567577
2022-03-01,520268.8479362609
2022-03-02,526913.1490449336
2022-03-03,520043.3581635565
2022-03-04,521096.0672644472
2022-03-07,509249.6234871152
2022-03-08,511539.33465673804
2022-03-09,523829.8619295481
2022-03-10,516324.3784232511
2022-03-11,506250.0906434956
2022-03-14,497740.27915180096
2022-03-15,510173.6619672028
2022-03-16,520986.717875965
2022-03-17,524935.631585124
2022-03-18,533116.1852572982
2022-03-21,535176.4399042407
2022-03-22,548940.3844144791
2022-03-23,548285.9993814959
2022-03-24,558034.6839487855
2022-03-25,558521.7950258396
2022-03-28,570457.7613144252
2022-03-29,575419.9429546515
2022-03-30,571893.3376112392
2022-03-31,567311.8153674741
2022-04-01,567499.3087395594
2022-04-04,570149.7159431315
2022-04-05,560349.1971584744
2022-04-06,550980.5305803528
2022-04-07,552954.7932923259
2022-04-08,548397.0334538971
2022-04-11,540566.3811762909
2022-04-12,540353.5519734828
2022-04-13,548318.267143394
2022-04-14,541172.0639478959
2022-04-18,547964.517998261
2022-04-19,550929.1271242249
2022-04-20,547308.0795604979
2022-04-21,528546.7849218457
2022-04-22,514153.77171970636
2022-04-25,516533.53072303155
2022-04-26,500956.56579062296
2022-04-27,507120.2750362203
2022-04-28,516832.3880688021
2022-04-29,499699.307002206
2022-05-02,503819.69394875685
2022-05-03,505072.8086280422
2022-05-04,515264.5668801494
2022-05-05,505593.4446628882
2022-05-06,502438.8140596612
2022-05-09,490076.6639115107
2022-05-10,495163.43878350523
2022-05-11,492331.4768279858
2022-05-12,487448.74416201015
2022-05-13,492672.4608950339
2022-05-16,492512.70059521723
2022-05-17,504997.0184896442
2022-05-18,489902.4384468996
2022-05-19,486785.3199470903
2022-05-20,484724.8636908912
2022-05-23,489299.4517402201
2022-05-24,489005.389452304
2022-05-25,492579.74300894135
2022-05-26,498112.06598726194
2022-05-27,508129.7068172203
2022-05-31,504029.2512048571
2022-06-01,504098.56991919247
2022-06-02,507843.3373553722
2022-06-03,504908.223191907
2022-06-06,506139.20043628715
2022-06-07,514021.85543232394
2022-06-08,507706.3627762278
2022-06-09,501014.18294868484
2022-06-10,496086.19282090274
2022-06-13,485601.78696451086
2022-06-14,484476.0611300962
2022-06-15,484369.4083752622
2022-06-16,472657.88130976795
2022-06-17,473049.2174383693
2022-06-21,481495.5675986085
2022-06-22,480978.042667456
2022-06-23,481478.47630141384
2022-06-24,490410.1140414829
2022-06-27,493582.8661426972
2022-06-28,486482.5155986524
2022-06-29,487249.0153851373
2022-06-30,487891.38786908524
2022-07-01,487995.09942206304
2022-07-05,480246.285021461
2022-07-06,488314.7551894847
2022-07-07,488725.56251085486
2022-07-08,487518.55020554364
2022-07-11,487200.2564961148
2022-07-12,472977.75988109736
2022-07-13,470766.6375968092
2022-07-14,469120.3277805969
2022-07-15,472091.2714455258
2022-07-18,466312.74010189204
2022-07-19,470523.9728265313
2022-07-20,466618.3080330498
2022-07-21,470084.4177589372
2022-07-22,468505.518873196
2022-07-25,470569.05476803094
2022-07-26,472361.5938164905
2022-07-27,475195.67984736175
2022-07-28,493961.8613671508
2022-07-29,501971.1260422168
2022-08-01,503650.1394777302
2022-08-02,502083.61366235465
2022-08-03,510018.7752451141
2022-08-04,512981.0574240567
2022-08-05,513638.9902189618
2022-08-08,510898.33459100407
2022-08-09,510859.3855886592
2022-08-10,518360.91936705855
2022-08-11,515566.8759176327
2022-08-12,522004.57927269925
2022-08-15,527661.0357397931
2022-08-16,528319.2323268526
2022-08-17,525329.3772076506
2022-08-18,524701.5828534596
2022-08-19,518792.67104271933
2022-08-22,510763.65791497927
2022-08-23,509537.76252274186
2022-08-24,509170.1663370731
2022-08-25,516932.0810953829
2022-08-26,502304.43716570945
2022-08-29,499316.78231191204
2022-08-30,495257.576501235
2022-08-31,491704.5739604704
2022-09-01,494539.15602111124
2022-09-02,491366.70899637137
2022-09-06,501860.0125789912
2022-09-07,506963.04858877015
2022-09-08,510790.9312687099
2022-09-09,511783.7323009367
2022-09-12,512371.2158905163
2022-09-13,503965.9672538517
2022-09-14,503216.8941081145
2022-09-15,496133.331572386
2022-09-16,494667.3813331148
2022-09-19,499143.8341029391
2022-09-20,498064.27282088995
2022-09-21,495919.2492777603
2022-09-22,494788.1742016752
2022-09-23,489398.6255243207
2022-09-26,474560.01299082465
2022-09-27,470371.4549854551
2022-09-28,476094.0606281414
2022-09-29,468739.68830660405
2022-09-30,466587.95915124705
2022-10-03,478288.14943979867
2022-10-04,487335.92497682734
2022-10-05,492748.10525830893
2022-10-06,493046.2967136513
2022-10-07,485517.9816422141
2022-10-10,482138.52432213345
2022-10-11,482730.57719979296
2022-10-12,478069.08656217833
2022-10-13,481528.2329985985
2022-10-14,473808.72414686915
2022-10-17,487413.9893530778
2022-10-18,494785.62093473354
2022-10-19,492573.4262954466
2022-10-20,482836.56350670813
2022-10-21,489194.89789086406
2022-10-24,490705.90513962007
2022-10-25,501124.4497047549
2022-10-26,513140.5683293424
2022-10-27,515657.9168482569
2022-10-28,525229.0785041293
2022-10-31,530742.7283871996
2022-11-01,529840.9913774198
2022-11-02,517589.17971115763
2022-11-03,515992.6633803422
2022-11-04,517084.66239194816
2022-11-07,523108.1376733794
2022-11-08,524554.7892057393
2022-11-09,518930.8439945728
2022-11-10,535517.6942849134
2022-11-11,530584.8424997693
2022-11-14,528316.9267515902
2022-11-15,531765.1203652809
2022-11-16,530794.9221816171
2022-11-17,530114.8834151616
2022-11-18,531155.4944784828
2022-11-21,528201.7945139308
2022-11-22,529814.2710415245
2022-11-23,530894.4210292865
2022-11-25,533018.6709317574
2022-11-28,529139.3150001464
2022-11-29,524747.6766990025
2022-11-30,536275.3120924266
2022-12-01,537819.0784338628
2022-12-02,536515.8543519845
2022-12-05,524003.9479934678
2022-12-06,517116.0499032265
2022-12-07,514381.6179196032
2022-12-08,525281.289244791
2022-12-09,521507.8871068143
2022-12-12,530354.5537787253
2022-12-13,531630.3154887635
2022-12-14,531742.0798145537
2022-12-15,515012.9343665445
2022-12-16,514937.7192691786
2022-12-19,509407.5652583063
2022-12-20,509673.61536757683
2022-12-21,519108.621954276
2022-12-22,511048.1641055616
2022-12-23,513503.1477616797
2022-12-27,516314.84359851177
2022-12-28,508073.5953435459
2022-12-29,518152.9525718427
2022-12-30,514325.95967611414
2023-01-03,514975.36383354745
2023-01-04,520097.82733188185
2023-01-05,517705.33022936265
2023-01-06,536644.0102440162
2023-01-09,533302.4035803775
2023-01-10,540609.4013483198
2023-01-11,545039.5995444624
2023-01-12,547271.6457562122
2023-01-13,543966.5932565599
2023-01-17,540059.3557871914
2023-01-18,532757.3775431771
2023-01-19,530268.5077678647
2023-01-20,540092.8417598259
2023-01-23,541985.1292208952
2023-01-24,543177.8225805153
2023-01-25,549695.1284206868
2023-01-26,550404.5287853802
2023-01-27,549803.5339191499
2023-01-30,543809.7668524126
2023-01-31,548419.5313803675
2023-02-01,551877.6256778548
2023-02-02,561316.713626273
2023-02-03,546917.0134338404
2023-02-06,543728.7877762557
2023-02-07,553283.6895678614
2023-02-08,544195.468412475
2023-02-09,542944.2167772383
2023-02-10,538538.0810676189
2023-02-13,547450.6668557117
2023-02-14,557179.5296521271
2023-02-15,563413.2206607247
2023-02-16,555172.9870844894
2023-02-17,541117.0391791958
2023-02-21,534069.5304647726
2023-02-22,528149.004345192
2023-02-23,527682.9413764888
2023-02-24,519511.41814218485
2023-02-27,527467.3187693438
2023-02-28,530465.0816366698
2023-03-01,534045.0078399852
2023-03-02,537085.4924432026
2023-03-03,550505.5327507851
2023-03-06,547924.5442124909
2023-03-07,536166.8848806927
2023-03-08,538512.2263309683
2023-03-09,525608.1127156832
2023-03-10,518826.2017391526
2023-03-13,520237.190890207
2023-03-14,526991.7144563209
2023-03-15,517920.11192422773
2023-03-16,524223.07315838954
2023-03-17,519049.8710084782
2023-03-20,527313.2353136021
2023-03-21,535564.7964819383
2023-03-22,529458.8513141151
2023-03-23,534851.6586536114
2023-03-24,535945.2264500102
2023-03-27,532419.8264729579
2023-03-28,531180.6499851518
2023-03-29,538340.221194484
2023-03-30,540155.0452079403
2023-03-31,548526.5961339894
2023-04-03,554911.7919694043
2023-04-04,550700.5119732616
2023-04-05,542307.9761540298
2023-04-06,551879.7212502065
2023-04-10,554330.0538489313
2023-04-11,552107.9910306627
2023-04-12,549272.299220871
2023-04-13,559577.8069472435
2023-04-14,561363.5982561735
2023-04-17,560279.4561285797
2023-04-18,558332.9823248939
2023-04-19,556009.3878203136
2023-04-20,549894.393265947
2023-04-21,550329.0594615736
2023-04-24,547213.6749035536
2023-04-25,533244.3097139878
2023-04-26,534283.196717676
2023-04-27,545434.1233425883
2023-04-28,549312.5218391822
2023-05-01,552446.573738869
2023-05-02,541604.5148392322
2023-05-03,539273.6142756435
2023-05-04,548449.0514412716
2023-05-05,564469.7133923699
2023-05-08,564626.1020786319
2023-05-09,558637.0755343684
2023-05-10,567490.3912467287
2023-05-11,568419.4828382474
2023-05-12,566965.2839550694
2023-05-15,569102.7481591726
2023-05-16,571951.1511837883
2023-05-17,579523.9635851538
2023-05-18,589265.3600883157
2023-05-19,588664.6818658586
2023-05-22,591004.0349705605
2023-05-23,586629.0709075639
2023-05-24,582527.9543873061
2023-05-25,599945.1695983096
2023-05-26,620790.6152464675
2023-05-30,617875.1776263491
2023-05-31,619129.1508481548
2023-06-01,620448.1622668594
2023-06-02,632266.6155185263
2023-06-05,635046.0375538225
2023-06-06,642933.0958945032
2023-06-07,620182.9571602108
2023-06-08,624378.0687769025
2023-06-09,616454.3564382266
2023-06-12,620909.5050245173
2023-06-13,625012.7362658369
2023-06-14,632480.1173181413
2023-06-15,649967.1956478796
2023-06-16,641063.4726327757
2023-06-20,640174.6358723168
2023-06-21,638951.5119813187
2023-06-22,644875.929274566
2023-06-23,642871.304623479
2023-06-26,635553.7606712901
2023-06-27,649423.0009019211
2023-06-28,659787.9625674741
2023-06-29,650758.8749715326
2023-06-30,652162.768194783
2023-07-03,654205.3600495973
2023-07-05,653425.1395192721
2023-07-06,644284.2082698214
2023-07-07,644809.2675724389
2023-07-10,646772.9377581421
2023-07-11,654200.5149548943
2023-07-12,657654.7695192612
2023-07-13,678718.5370058874
2023-07-14,674051.2159359017
2023-07-17,684649.8242371731
2023-07-18,687618.901169487
2023-07-19,684849.760507733
2023-07-20,663217.9347042751
2023-07-21,657569.9522542902
2023-07-24,656805.66840462
2023-07-25,662367.170370226
2023-07-26,660613.0261067444
2023-07-27,656039.4373662431
2023-07-28,682299.6402637148
2023-07-31,702383.4754041127
2023-08-01,700958.2294357985
2023-08-02,675172.9292515443
2023-08-03,674853.2107178819
2023-08-04,686839.5537869259
2023-08-07,694333.8180177007
2023-08-08,680523.209541448
2023-08-09,665712.2457935329
2023-08-10,667748.7306832977
2023-08-11,662704.334226145
2023-08-14,668623.5446952628
2023-08-15,657100.3365442922
2023-08-16,646683.6777433264
2023-08-17,640326.2765847588
2023-08-18,635266.8259471076
2023-08-21,655586.2892193915
2023-08-22,656039.943833816
2023-08-23,668480.100712374
2023-08-24,648439.3689961034
2023-08-25,658102.7911869038
2023-08-28,657691.2590428047
2023-08-29,681177.5246165836
2023-08-30,684562.556589938
2023-08-31,694475.3405152457
2023-09-01,679575.0468689576
2023-09-05,680256.7521995138
2023-09-06,676244.2187224769
2023-09-07,678360.8757209695
2023-09-08,684555.9024094203
2023-09-11,699525.6878461035
2023-09-12,689182.1628028409
2023-09-13,694141.6170783722
2023-09-14,698351.9376291151
2023-09-15,685516.4583521163
2023-09-18,686063.7880248505
2023-09-19,679289.2398981117
2023-09-20,665744.9888335108
2023-09-21,638295.9097284179
2023-09-22,642803.2486716313
2023-09-25,647324.579553213
2023-09-26,632268.5001491465
2023-09-27,642811.5326429791
2023-09-28,658343.5864611517
2023-09-29,661148.80658215
2023-10-02,665087.8075884094
2023-10-03,653180.2251879653
2023-10-04,662104.0993293895
2023-10-05,664342.6211498708
2023-10-06,676297.5210801691
2023-10-09,680635.8325867993
2023-10-10,680850.5254594455
2023-10-11,688119.4219201399
2023-10-12,692010.2583434914
2023-10-13,684595.4642296382
2023-10-16,692644.1433583573
2023-10-17,689742.3919067947
2023-10-18,684357.4969293003
2023-10-19,679293.1633119734
2023-10-20,670767.1542791085
2023-10-23,673123.6156301869
2023-10-24,681071.1083918336
2023-10-25,665780.6883982227
2023-10-26,647234.4376618562
2023-10-27,649521.6236735026
2023-10-30,659155.8283725596
2023-10-31,660616.2241529647
2023-11-01,672519.3682970614
2023-11-02,683128.7326884377
2023-11-03,684679.5251851864
2023-11-06,686877.1880834473
2023-11-07,692650.6383236707
2023-11-08,694600.3630697305
2023-11-09,690616.2178220863
2023-11-10,706187.4736691267
2023-11-13,702528.8207126817
2023-11-14,711214.3486108634
2023-11-15,714029.9349759549
2023-11-16,715756.2745513631
2023-11-17,717100.12904172
2023-11-20,722169.0498045271
2023-11-21,722683.2911752153
2023-11-22,724926.7338724212
2023-11-24,723853.6516060609
2023-11-27,717015.9552932617
2023-11-28,717861.1097576213
2023-11-29,713659.2744320624
2023-11-30,712360.2176093345
2023-12-01,713646.5185262721
2023-12-04,706112.0415442596
2023-12-05,709123.269921454
2023-12-06,705417.2751473326
2023-12-07,717134.3381226418
2023-12-08,721053.4569394734
2023-12-11,730261.9719599428
2023-12-12,738451.6605772099
2023-12-13,743522.0141501721
2023-12-14,740365.1647355631
2023-12-15,744944.2159954335
2023-12-18,752074.8030304322
2023-12-19,753936.750572688
2023-12-20,747023.6169055199
2023-12-21,754545.7355516686
2023-12-22,754520.3289466422
2023-12-26,756316.6305899008
2023-12-27,753684.3202913669
2023-12-28,754456.1327579793
2023-12-29,753082.3355368255
2024-01-02,740546.2486193177
2024-01-03,725099.9550856927
2024-01-04,720035.4930251564
2024-01-05,717152.9707880227
2024-01-08,732441.0342679957
2024-01-09,730028.0197233853
2024-01-10,727072.0884622836
2024-01-11,729030.3043476519
2024-01-12,732465.161528149
2024-01-16,722023.4162735731
2024-01-17,721132.5329576419
2024-01-18,729679.8723131606
2024-01-19,749950.9283069217
2024-01-22,753007.2903292698
2024-01-23,747809.5687596339
2024-01-24,751166.3776414831
2024-01-25,747183.8972586107
2024-01-26,746865.9532048374
2024-01-29,756078.3900655176
2024-01-30,750341.1942468317
2024-01-31,738637.7501632918
2024-02-01,750607.194794852
2024-02-02,759226.0461844932
2024-02-05,749980.2873056419
2024-02-06,754814.056954076
2024-02-07,759475.3628438711
2024-02-08,758832.9674528014
2024-02-09,763096.7762520828
2024-02-12,762105.7446094966
2024-02-13,743509.2764657998
2024-02-14,765564.7584697529
2024-02-15,769385.564595785
2024-02-16,756758.5941041443
2024-02-20,742401.406493301
2024-02-21,740079.6956981639
2024-02-22,756022.4830559827
2024-02-23,760761.3317425628
2024-02-26,760887.7492559548
2024-02-27,763355.4295739824
2024-02-28,756197.8569367053
2024-02-29,739500.8235145085
2024-03-01,761009.3936038043
2024-03-04,751260.378468268
2024-03-05,726873.1982586642
2024-03-06,733030.9411579114
2024-03-07,739271.1568200574
2024-03-08,741665.398259995
2024-03-11,732375.3508528137
2024-03-12,738561.6208987834
2024-03-13,733584.6090045322
2024-03-14,731327.9982658239
2024-03-15,702276.3688379226
2024-03-18,707684.6523252414
2024-03-19,718741.5247637482
2024-03-20,726630.9664697736
2024-03-21,729783.1505376237
2024-03-22,722012.5795543022
2024-03-25,715904.0684988545
2024-03-26,713437.1080928391
2024-03-27,720271.0077053313
2024-03-28,719227.312208697
2024-04-01,715990.9332908535
2024-04-02,710659.6198567597
2024-04-03,711428.7612928092
2024-04-04,703533.6460605996
2024-04-05,705725.1302495688
2024-04-08,706867.6451373898
2024-04-09,708296.1702662032
2024-04-10,698837.5551350318
2024-04-11,711963.1552419421
2024-04-12,704994.1840379906
2024-04-15,694753.2802928078
2024-04-16,694594.3588331214
2024-04-17,687510.3252813772
2024-04-18,681902.7127598037
2024-04-19,675025.3211209795
2024-04-22,681790.9120333361
2024-04-23,688871.4659932614
2024-04-24,689348.1614273334
2024-04-25,694597.7983343081
2024-04-26,703192.3287718999
2024-04-29,705472.3286127488
2024-04-30,691711.7107975043
2024-05-01,685115.875008394
2024-05-02,685710.9157066706
2024-05-03,699385.8544181285
2024-05-06,716863.7127567434
2024-05-07,697446.2253243448
2024-05-08,695188.0023672428
2024-05-09,694751.2547147503
2024-05-10,694770.1097960535
2024-05-13,699530.8325726239
2024-05-14,710973.2427392107
2024-05-15,719477.91068258
2024-05-16,714106.2330239655
2024-05-17,720964.275212873
2024-05-20,724784.6846365586
2024-05-21,720533.1302645165
2024-05-22,710146.8134831982
2024-05-23,704262.4509050737
2024-05-24,709754.658986287
2024-05-28,714589.8027771648
2024-05-29,707026.0873826963
2024-05-30,707344.7432027586
2024-05-31,707709.9942290896
2024-06-03,703567.350215016
2024-06-04,703156.2567130206
2024-06-05,719514.3295225818
2024-06-06,727644.5045620224
2024-06-07,718507.3998219413
2024-06-10,722696.1082937536
2024-06-11,727414.6113440857
2024-06-12,729966.6795722751
2024-06-13,740677.2249835534
2024-06-14,750061.1399999724
2024-06-17,767322.4966912873
2024-06-18,769250.0266032479
2024-06-20,767942.9214595577
2024-06-21,752828.935202427
2024-06-24,751453.8654067402
2024-06-25,754214.0846927385
2024-06-26,750961.8784336782
2024-06-27,755571.7270426535
2024-06-28,756351.4222353435
2024-07-01,763488.9153264712
2024-07-02,771088.2420682132
2024-07-03,780580.6528256757
2024-07-05,784585.2391117638
2024-07-08,786646.9732859919
2024-07-09,784908.6856028237
2024-07-10,789869.9968137144
2024-07-11,776947.6004382747
2024-07-12,780814.6926730295
2024-07-15,787630.9385982314
2024-07-16,785549.8804201663
2024-07-17,768988.1383119667
2024-07-18,765895.1269090889
2024-07-19,760307.9453181485
2024-07-22,768348.1193546429
2024-07-23,779001.006299508
2024-07-24,752614.1501411048
2024-07-25,747052.8339754776
2024-07-26,753767.9518978634
2024-07-29,756560.1537023995
2024-07-30,754435.654777383
2024-07-31,778681.952840469
2024-08-01,763274.3675029861
2024-08-02,755551.0453591367
2024-08-05,730843.040885591
2024-08-06,734892.7814860721
2024-08-07,722514.4831379238
2024-08-08,742913.0668042722
2024-08-09,752504.9508521499
2024-08-12,749146.4776134563
2024-08-13,770922.1649753943
2024-08-14,764263.5157747541
2024-08-15,790569.684977041
2024-08-16,791477.8442242062
2024-08-19,802291.0413217765
2024-08-20,799718.541411465
2024-08-21,801117.4735653441
2024-08-22,785747.9520502177
2024-08-23,802676.6569120202
2024-08-26,791795.9053630854
2024-08-27,789909.8570995599
2024-08-28,780862.878659842
2024-08-29,780574.0874247104
2024-08-30,795295.3178264891
2024-09-03,769636.6226772403
2024-09-04,772211.4066608978
2024-09-05,780333.6396833982
2024-09-06,756786.0825703344
2024-09-09,764058.4027872405
2024-09-10,776098.9266684727
2024-09-11,780626.5428284227
2024-09-12,787336.4088818608
2024-09-13,800227.6948626521
2024-09-16,802178.9513863905
2024-09-17,803534.6847645332
2024-09-18,811691.9024245373
2024-09-19,842392.9460959198
2024-09-20,836449.6641736918
2024-09-23,840151.2578406435
2024-09-24,848665.2095830002
2024-09-25,847613.5486503553
2024-09-26,849562.9371415981
2024-09-27,854763.1638262215
2024-09-30,857845.5154668288
2024-10-01,853568.6031074432
2024-10-02,850266.0156084212
2024-10-03,854257.3877301277
2024-10-04,867470.4525536789
2024-10-07,846268.3395059122
2024-10-08,870973.7792262286
2024-10-09,878386.3340878243
2024-10-10,879132.2641028545
2024-10-11,866675.7672060042
2024-10-14,869651.636989504
2024-10-15,859924.9317606642
2024-10-16,865288.476433536
2024-10-17,869005.5330653226
2024-10-18,874662.0667258062
2024-10-21,867728.1163495369
2024-10-22,860339.9227388331
2024-10-23,846192.4745717912
2024-10-24,879616.1282789805
2024-10-25,891679.6417634084
2024-10-28,888676.937564041
2024-10-29,889000.8346462218
2024-10-30,887861.2820363783
2024-10-31,866667.66770072
2024-11-01,866388.5753259866
2024-11-04,860958.1017040594
2024-11-05,914180.6313672767
2024-11-06,954194.2723011667
2024-11-07,1002488.4900389009
2024-11-08,1038218.9752504713
2024-11-11,1075201.4498982953
2024-11-12,1053316.595333486
2024-11-13,1055785.7811444208
2024-11-14,1029117.0539792533
2024-11-15,1057822.9776293314
2024-11-18,1052946.3918482168
2024-11-19,1070537.659741772
2024-11-20,1069420.6577047375
2024-11-21,1081357.823792189
2024-11-22,1106958.4528028083
2024-11-25,1095795.7042269553
2024-11-26,1100395.08857595
2024-11-27,1102440.974372224
2024-11-29,1114071.8782484648
2024-12-02,1116047.6018097927
2024-12-03,1112690.4483464535
2024-12-04,1121870.9308459205
2024-12-05,1130183.1383286058
2024-12-06,1153032.8340274142
2024-12-09,1152427.331847658
2024-12-10,1153045.72647249
2024-12-11,1178856.105891226
2024-12-12,1168615.4885761014
2024-12-13,1236612.367043334
2024-12-16,1289238.73490492
2024-12-17,1286033.830181116
2024-12-18,1223683.7180468277
2024-12-19,1217771.0132546022
2024-12-20,1219352.99862316
2024-12-23,1240791.8466740814
2024-12-24,1277024.6005286286
2024-12-26,1281643.0095245277
2024-12-27,1255025.1573697594
2024-12-30,1231020.7233064466
2024-12-31,1217575.3662971067
2025-01-02,1193948.5905798285
2025-01-03,1216527.5832892987
2025-01-06,1213458.0331885
2025-01-07,1175602.4650087466
2025-01-08,1173593.2598706516
2025-01-10,1160604.4215711148
2025-01-13,1153150.3953334515
2025-01-14,1157249.0242942267
2025-01-15,1182817.3536316724
2025-01-16,1189533.2300101751
2025-01-17,1217574.2392699954
2025-01-21,1234514.590815514
2025-01-22,1253570.4389085073
2025-01-23,1258734.7764859109
2025-01-24,1266879.3447533885
2025-01-27,1196656.1073429375
2025-01-28,1240750.0773926016
2025-01-29,1231292.2644247888
2025-01-30,1253179.530394516
2025-01-31,1269889.793643013
2025-02-03,1271264.0862014212
2025-02-04,1356528.02148201
2025-02-05,1337817.6563220501
2025-02-06,1365651.7162794669
2025-02-07,1336311.9645167661
2025-02-10,1375357.2813570462
2025-02-11,1357503.6808830574
2025-02-12,1373988.2823741813
2025-02-13,1387402.5187977918
2025-02-14,1377310.5160458237
2025-02-18,1392138.106149343
2025-02-19,1346829.501617356
2025-02-20,1320245.2441578573
2025-02-21,1272497.200568055
2025-02-24,1211576.0251004798
2025-02-25,1180833.0470151713
2025-02-26,1200110.4228776067
2025-02-27,1167489.660813233
2025-02-28,1180421.0948126095
2025-03-03,1144442.0521653502
2025-03-04,1140080.216812316
2025-03-05,1173134.1889224881
2025-03-06,1088741.9469249947
2025-03-07,1128477.9388086237
2025-03-10,1061327.8486501868
2025-03-11,1080200.8198024135
2025-03-12,1106888.5427394304
2025-03-13,1080581.7490746041
2025-03-14,1120791.368433241
2025-03-17,1123104.6459942635
2025-03-18,1100488.767506928
2025-03-19,1124739.1072169812
2025-03-20,1118413.8430236368
2025-03-21,1132134.8526602613
2025-03-24,1161248.1254564167
2025-03-25,1161524.1750388232
2025-03-26,1129272.9213451957
2025-03-27,1108985.0317725153
2025-03-28,1075375.5493694867
2025-03-31,1062267.4218283296
2025-04-01,1073935.0279238827
2025-04-02,1086889.3293514715
2025-04-03,1033838.4320943052
2025-04-04,974835.0072984691
2025-04-07,973505.7539585403
2025-04-08,956141.9909982295
2025-04-09,1042215.3583704708
2025-04-10,1001379.8709862578
2025-04-11,1015056.7000875267
2025-04-14,1028106.544183235
2025-04-15,1040154.6313541527
2025-04-16,1025757.4410455554
2025-04-17,1020244.2809364763
2025-04-21,986374.4423884014
2025-04-22,1014271.2174603597
2025-04-23,1036884.3762292009
2025-04-24,1066751.1954074772
2025-04-25,1064452.2191889929
2025-04-28,1062881.7032260485
2025-04-29,1076357.1727029781
2025-04-30,1068750.850226752
2025-05-01,1073560.3839915658
2025-05-02,1093027.657459197
2025-05-05,1089345.6159249854
2025-05-06,1080600.8322392202
2025-05-07,1091579.8848951661
2025-05-08,1104190.1342988415
2025-05-09,1102329.7279605826
2025-05-12,1133927.2808414223
2025-05-13,1144547.599059469
2025-05-14,1148460.0848265546
2025-05-15,1156376.1605502556
2025-05-16,1157787.6565424318
2025-05-19,1161906.9661958786
2025-05-20,1161607.393231119
2025-05-21,1139271.8296601002
2025-05-22,1177842.3641387324
2025-05-23,1165920.0901250402
2025-05-27,1192424.0156170717
2025-05-28,1190503.3392813478
2025-05-29,1191523.5162562144
2025-05-30,1197845.4270892413
2025-06-02,1210837.8929358295
2025-06-03,1214219.4176966457
2025-06-04,1204230.8869264042
2025-06-05,1153262.5738161183
2025-06-06,1188802.4106751378
2025-06-09,1206104.374641151
2025-06-10,1223069.2970121435
2025-06-11,1226220.42626707
2025-06-12,1220069.4508445626
2025-06-13,1210659.0293422188
2025-06-16,1231994.9285210294
2025-06-17,1216552.025780868
2025-06-18,1194545.7016632229
2025-06-20,1178096.436600947
2025-06-23,1204108.0608666923
2025-06-24,1217617.4897384676
2025-06-25,1195887.1824286736
2025-06-26,1206876.3766824338
2025-06-27,1189528.4336689345
2025-06-30,1195063.2617196254
2025-07-01,1178592.3345335836
2025-07-02,1193590.72966953
2025-07-03,1207844.8063137638
2025-07-07,1203864.6896214066
2025-07-08,1201569.0038597642
2025-07-09,1207926.3797970323
2025-07-10,1206577.4157031623
2025-07-11,1201555.150779956
2025-07-14,1203347.5339668756
2025-07-15,1201939.2138503324
2025-07-16,1201350.441029463
2025-07-17,1212253.8230836499
2025-07-18,1218281.0692777995
2025-07-21,1230083.2546564948
2025-07-22,1220478.3570018734
2025-07-23,1219007.4385617636
2025-07-24,1229734.6671480786
2025-07-25,1240286.331632242
2025-07-28,1235761.8126350404
2025-07-29,1239902.0565214625
2025-07-30,1225642.0281944226
2025-07-31,1230604.082836931
2025-08-01,1196691.8621037821
2025-08-04,1229267.8765727018
2025-08-05,1214687.0120837528
2025-08-06,1234728.0708962483
2025-08-07,1229380.2544568833
2025-08-08,1210718.5470681468
2025-08-11,1205413.9130765002
2025-08-12,1223798.9699015399
2025-08-13,1230578.1424042387
2025-08-14,1233057.078295812
2025-08-15,1233364.0112627412
2025-08-18,1228423.977966097
2025-08-19,1204195.489532452
2025-08-20,1191994.786046237
2025-08-21,1191575.8412351531
2025-08-22,1224081.9859144194
2025-08-25,1223329.3685744158
2025-08-26,1221052.874371545
2025-08-27,1229205.138036735
2025-08-28,1293269.2455246802
2025-08-29,1278195.3338290476
2025-09-02,1263523.9558673156
2025-09-03,1271660.2029050484
2025-09-04,1266943.3479357588
2025-09-05,1301972.403153702
2025-09-08,1320691.813888369
2025-09-09,1288683.8980952883
2025-09-10,1319419.5968481207
2025-09-11,1325145.7276316015
2025-09-12,1314970.9580318087
2025-09-15,1329954.4588540646
2025-09-16,1314069.8827311976
2025-09-17,1308913.4149459463
2025-09-18,1310441.5411973088
2025-09-19,1316570.2374717172
2025-09-22,1294084.7230530304
2025-09-23,1280707.9420205534
2025-09-24,1237280.8199960932
2025-09-25,1215813.1474554052
2025-09-26,1227502.8768010156
2025-09-29,1234171.7660252675
2025-09-30,1239364.8557839713
2025-10-01,1238719.8880839897
2025-10-02,1241634.2721115227
2025-10-03,1241808.3981546105
2025-10-06,1244670.7336569135
2025-10-07,1243654.2196472976
2025-10-08,1253865.1959802865
2025-10-09,1246259.482117298
2025-10-10,1202534.1438922232
2025-10-13,1240143.8154780308
2025-10-14,1231736.0524615657
2025-10-15,1241388.0721667435
2025-10-16,1233544.9415395851
2025-10-17,1239517.3587778984
2025-10-20,1257990.155739585
2025-10-21,1255687.1046225626
2025-10-22,1245120.690799611
2025-10-23,1254512.7168248175
2025-10-24,1276335.8713211885
2025-10-27,1300827.9982879383
2025-10-28,1309185.8847793448
2025-10-29,1323847.1254304904
2025-10-30,1319748.0816974626
2025-10-31,1334258.746454854
2025-11-03,1338510.7907373616
2025-11-04,1300904.3410615418
2025-11-05,1314979.0875799153
2025-11-06,1290488.5101797273
2025-11-07,1277060.8338437409
2025-11-10,1297790.719196396
2025-11-11,1299135.5949317897
2025-11-12,1299407.7915958264
2025-11-13,1262486.6828540545
2025-11-14,1268084.2333571408
2025-11-17,1261135.2830600631
2025-11-18,1263798.38145508
2025-11-19,1282189.9629283985
2025-11-20,1257907.2438543178
2025-11-21,1253341.7009722413
2025-11-24,1301393.776499996
2025-11-25,1311117.4713929896
2025-11-26,1332973.555807307
2025-11-28,1347681.4953952164
2025-12-01,1331652.7789410884
2025-12-02,1324775.7460954795
2025-12-03,1345441.2786486826
2025-12-04,1345624.7739439397
2025-12-05,1359441.3293652092
2025-12-08,1346967.6399009195
2025-12-09,1356759.475336341
2025-12-10,1382426.4651386405
2025-12-11,1377038.555749184
2025-12-12,1340756.1622128594
2025-12-15,1332827.7129023904
2025-12-16,1341600.5183002048
2025-12-17,1309077.948584903
2025-12-18,1333370.6082513093
2025-12-19,1351457.6970001082
2025-12-22,1369928.03707475
2025-12-23,1389230.572797585
2025-12-24,1389928.3399935702
2025-12-26,1391516.2066337483
2025-12-29,1369942.5655744043
2025-12-30,1367378.6921877768
2025-12-31,1355406.06212591
2026-01-02,1353199.4938200957
2026-01-05,1365246.0451180753
2026-01-06,1381913.525579516
2026-01-07,1363428.777131814
2026-01-08,1350366.9858089143
2026-01-09,1365911.3256589856
2026-01-12,1373288.8959344511
2026-01-13,1354290.6695109387
2026-01-14,1346579.3430547584
2026-01-15,1350945.2411664128
2026-01-16,1361202.1596082735
2026-01-20,1326995.8180002673
2026-01-21,1330453.2242798002
2026-01-22,1339355.8443807797
2026-01-23,1331214.0688738544
2026-01-26,1341071.6248023189
2026-01-27,1356623.985087728
2026-01-28,1361796.7831920024
2026-01-29,1358429.093196835
2026-01-30,1350353.6530419677
